<?xml version="1.0" encoding="UTF-8"?>
<assembly xmlns="http://maven.apache.org/plugins/maven-assembly-plugin/assembly/1.1.2"
	xmlns:xsi="http://www.w3.org/2001/XMLSchema-instance"
	xsi:schemaLocation="http://maven.apache.org/plugins/maven-assembly-plugin/assembly/1.1.2 http://maven.apache.org/xsd/assembly-1.1.2.xsd">
	<id>standalone</id>
	<formats>
		<format>dir</format>
	</formats>
	<baseDirectory></baseDirectory>
	<includeBaseDirectory>false</includeBaseDirectory>

	<dependencySets>
		<dependencySet>
			<excludes>
				<exclude>com.neurotec:*</exclude>
				<exclude>com.neurotec.samples:samples-utils</exclude>
			</excludes>
			<outputFileNameMapping>${artifact.artifactId}.${artifact.extension}</outputFileNameMapping>
		</dependencySet>
	</dependencySets>
	<fileSets>
		<fileSet>
			<directory>${project.build.scriptSourceDirectory}</directory>
			<includes>
				<include>**/*.bat</include>
				<include>**/*.sh</include>
			</includes>
			<useDefaultExcludes>true</useDefaultExcludes>
			<outputDirectory>./</outputDirectory>
		</fileSet>
	</fileSets>
</assembly>