﻿<?xml version="1.0" encoding="utf-8"?>
<neu:sampleInfo xmlns:neu="http://www.neurotechnology.com/SampleExplorer">
	<neu:title>Simple Irises Sample Java</neu:title>
	<neu:description>
Simple irises sample application demonstrates how to use SDK to do simple iris segmentation, enrollment, verification and identification.
Sample contains only the code that is needed to accomplish these functionalities, so its a good starting point before continuing to more complicated samples.
	</neu:description>
	<neu:tag>Java</neu:tag>
	<neu:tag>Identification</neu:tag>
	<neu:tag>Enrollment</neu:tag>
	<neu:tag>Verification</neu:tag>
	<neu:tag>Iris</neu:tag>
	<neu:tag>Iris scanners</neu:tag>
	<neu:tag>VeriEye Standard SDK</neu:tag>
	<neu:tag>VeriEye Extended SDK</neu:tag>
	<neu:tag>MegaMatcher Standard SDK</neu:tag>
	<neu:tag>MegaMatcher Extended SDK</neu:tag>
</neu:sampleInfo>